{"cameraMode":{"drawMode":0,"name":"Shaded","section":"Shading Mode"},"sceneLighting":true,"audioPlay":false,"sceneViewState":{"m_AlwaysRefresh":false,"showFog":true,"showSkybox":true,"showFlares":true,"showImageEffects":true,"showParticleSystems":true,"showVisualEffectGraphs":true,"m_FxEnabled":false},"in2DMode":false,"pivot":{"x":-0.08489012718200684,"y":-1.0215387344360352,"z":-5.924671173095703},"rotation":{"x":-0.15565833449363709,"y":-0.01452238392084837,"z":0.0022878353483974935,"w":-0.9877065420150757},"size":7.856670379638672,"orthographic":false}