{"cameraMode":{"drawMode":0,"name":"Shaded","section":"Shading Mode"},"sceneLighting":true,"audioPlay":false,"sceneViewState":{"m_AlwaysRefresh":false,"showFog":true,"showSkybox":true,"showFlares":true,"showImageEffects":true,"showParticleSystems":true,"showVisualEffectGraphs":true,"m_FxEnabled":false},"in2DMode":false,"pivot":{"x":0.3448888659477234,"y":2.0998549461364748,"z":1.9951624870300294},"rotation":{"x":-0.11250574141740799,"y":-0.03397832810878754,"z":0.0038487366400659086,"w":-0.9930665493011475},"size":10.09271240234375,"orthographic":false}