{"cameraMode":{"drawMode":0,"name":"Shaded","section":"Shading Mode"},"sceneLighting":true,"audioPlay":false,"sceneViewState":{"m_AlwaysRefresh":false,"showFog":true,"showSkybox":true,"showFlares":true,"showImageEffects":true,"showParticleSystems":true,"showVisualEffectGraphs":true,"m_FxEnabled":false},"in2DMode":false,"pivot":{"x":-18.32991600036621,"y":9.278623580932618,"z":-16.896026611328126},"rotation":{"x":-0.27280718088150027,"y":-0.004042657092213631,"z":0.0011450228048488498,"w":-0.962067723274231},"size":15.562228202819825,"orthographic":false}